year,month,day,hour,minute,comment,emotion
2023,10,20,18,35,"Today, it sounds like you had a wonderful and spontaneous burst of creativity through your art project. The way you describe the paint flowing freely and capturing the essence of the moment suggests a deep connection to your emotions. The masterpiece you created is not just on canvas but also a reflection of your emotional state. The song "Colors of the Wind" by Vanessa Williams might resonate with the vibrant emotions you experienced today.",joy
2023,10,21,11,30,"Participating in the nature preservation event seems to have brought a sense of fulfillment and gratitude. Planting seeds, both literally and metaphorically, implies a connection to growth and a positive contribution to the future. The experience might evoke feelings of purpose and warmth. "What a Wonderful World" by Louis Armstrong could capture the beauty you found in this activity.",joy
2023,10,22,19,48,"Your night under the stars with a telescope indicates a moment of introspection and finding perspective in the vastness of the cosmos. This experience seems to have a profound impact on your emotions, offering a sense of humility and awe. Perhaps "Starry, Starry Night" by Don McLean resonates with the celestial symphony you discovered.",joy
2023,10,23,14,15,"Visiting an art installation that challenges perceptions suggests a journey of self-reflection and emerging with a new outlook. The corridors of introspection may have stirred various emotions. "Imagine" by John Lennon might complement the introspective mood of the day.",neutral
2023,10,24,8,55,"The morning run along the beach, accompanied by the rhythmic crashing waves, appears to have grounded you. The gratitude expressed for the energy of the sea suggests a serene and balanced state of mind. "Here Comes the Sun" by The Beatles could encapsulate the positive energy of your beach experience.",joy
2023,10,25,17,20,"Exploring a new neighborhood and discovering a quaint cafe seems like an exciting and charming experience. The promise of discovery and the hidden charm of the city may have evoked a sense of curiosity and joy. "City of Stars" from La La Land might resonate with the hidden charm you found.",joy
2023,10,26,19,58,"Hosting a themed costume party filled with laughter and creativity suggests a joyful and playful escapism. The embrace of joy and creativity aligns with the theme of the party. "Happy" by Pharrell Williams could complement the joyous atmosphere of your event.",joy
2023,10,27,12,42,"Volunteering at a local animal shelter and finding warmth in wagging tails hints at a heartwarming and joyous experience. The furry companions may have brought a sense of joy and fulfillment. "Three Little Birds" by Bob Marley might resonate with the positive vibes of your day.",joy
2023,10,28,9,15,"The morning photography walk through the park and the ability to capture beauty in a frame reflect a mindful and appreciative mindset. Gratitude for freezing moments in time suggests a positive and reflective emotional state. "Photograph" by Ed Sheeran could enhance the sentiment of capturing special moments.",joy
2023,10,29,21,30,"The late-night starlit picnic with loved ones under the moonlit sky seems like a magical and intimate experience. The universe being your blanket implies a connection to something larger than oneself. "Count on Me" by Bruno Mars might resonate with the theme of unity and shared moments.",joy
2023,10,30,16,3,"Attending a community poetry slam where words became melodies and emotions danced in verses signifies a deep appreciation for the power of spoken art. "Poetry Man" by Phoebe Snow could capture the essence of your experience.",joy
2023,10,31,13,25,"Halloween festivities filled with costumes and spooky tales, transforming fear into laughter, suggests a lighthearted and celebratory mood. "Monster Mash" by Bobby Pickett might complement the playful spirit of the day.",joy
2023,11,1,8,10,"Morning gratitude journaling and acknowledging the blessings in everyday life reflect a positive and thankful mindset. The act of journaling may contribute to a sense of inner peace and readiness for the day. "What a Wonderful World" by Louis Armstrong could enhance the appreciation for life's simple joys.",joy
2023,11,2,17,55,"Reconnecting with the old hobby of stargazing and finding wonder in the night sky suggests a contemplative and awe-inspired mood. "Space Oddity" by David Bowie might resonate with the cosmic themes of your experience.",joy
2023,11,3,14,40,"Engaging in an art class to sculpt emotions into tangible forms implies a creative and introspective exploration. Becoming a sculptor of feelings indicates a deep connection to the expressive power of art. "Shape of My Heart" by Sting might complement the theme of sculpting emotions.",joy
2023,11,4,11,20,"Spending a rainy afternoon writing letters to loved ones suggests a reflective and sentimental mood. The sound of raindrops tapping on the window adds a soothing backdrop to your heartfelt words. "November Rain" by Guns N' Roses might resonate with the emotional depth of your experience.",neutral
2023,11,5,19,8,"Hosting a board game night with friends, filled with strategy and laughter, indicates a social and enjoyable gathering. Playing your way into each other's company suggests a strong sense of connection. "Boardwalk" by The Drifters might complement the theme of game night.",joy
2023,11,6,22,30,"A late-night poetry reading by candlelight, where words painted a dreamscape, suggests a serene and introspective atmosphere. The illumination of verses might have created a peaceful and imaginative ambiance. "Poetry in Motion" by Johnny Tillotson could enhance the dreamy mood of your evening.",joy
2023,11,7,16,15,"Visiting a botanical garden and marveling at the diversity of plant life indicates an appreciation for nature's beauty. The artist's inspiration from nature's palette aligns with a creative and connected mindset. "Bloom" by Troye Sivan could complement the theme of botanical wonders.",joy
2023,11,8,9,48,"Taking a morning bike ride through the city, where each turn unveils new sights and sounds, signifies a sense of exploration and openness to new experiences. The rhythmic pedaling could align with a feeling of momentum and a readiness to embrace the day's journey. The song "I Can See Clearly Now" by Johnny Nash might resonate with the clarity and optimism your bike ride brings",joy