year,month,day,hour,minute,content
2023,8,1,14,20,"Excitement fills the air as I embark on a new adventure. Today, I started learning a musical instrument. Feeling a mix of anticipation and joy."
2023,8,2,10,45,Rainy morning vibes matched my introspective mood. Spent the day sketching by the window. The sound of raindrops was the perfect background melody.
2023,8,3,17,12,Unexpected encounter with an old friend brightened the day. Laughter echoed in the air as we swapped stories. Gratitude for the simple joys of connection.
2023,8,4,19,30,Completed a challenging project at work. Relief and pride wash over me. Celebrating the small victories that pave the way for bigger achievements.
2023,8,5,13,55,Nature walk and a picnic—today was a breath of fresh air. Serenity found in the rustling leaves and birdsong. Ready to face the world with a calm mind.
2023,8,6,16,40,"Spur-of-the-moment road trip with friends. Windows down, music up. Today, adventure was our compass, and laughter, our constant companion."
2023,8,7,8,10,"Early morning yoga session set the tone for the day. Mind and body aligned, ready to tackle challenges. Grateful for the serenity that comes with sunrise."
2023,8,8,21,5,"Movie night with loved ones—a perfect end to a hectic day. Laughs, snacks, and a cozy blanket cocoon. Cherishing these moments of togetherness."
2023,8,9,12,55,Received unexpected good news today. Elation and disbelief swirl within me. Life has a way of surprising us when we least expect it.
2023,8,10,18,25,"Bittersweet farewell to a colleague. Shared memories and best wishes exchanged. Change brings a mix of emotions, but it's a step towards growth."
2023,8,11,15,15,"Exploring a new hobby—photography. Capturing moments freezes time. Today, through the lens, I discovered the beauty in the ordinary."
2023,8,12,9,50,Lazy Sunday morning curled up with a book. Transported to different worlds through each page. Gratitude for the magic of storytelling.
2023,8,13,20,18,Dinner with family turned into a lively game night. Laughter echoed through the house. Simple joys create the most cherished memories.
2023,8,14,11,30,"Reflective day by the seaside. Waves crashing, seagulls soaring—a symphony of nature. Found solace in the vastness of the ocean."
2023,8,15,14,48,Attended a community event today. Connection and camaraderie filled the air. The power of unity resonates strongly.
2023,8,16,7,40,Sunrise hike to kickstart the day. The quiet beauty of dawn is a reminder of new beginnings. Energized for the challenges ahead.
2023,8,17,16,5,"Rediscovered an old passion—painting. Colors on canvas express emotions words can't capture. Today, the art spoke louder than any conversation."
2023,8,18,22,22,Stargazing night with friends. Constellations and stories filled the sky. Grateful for the vastness that puts life into perspective.
2023,8,19,13,10,Cooked a new recipe today. The kitchen transformed into a canvas of flavors. Culinary experiments bring a unique kind of satisfaction.
2023,8,20,19,55,"Meditation session under the moonlight. Stillness within, a sanctuary from the chaos. Tonight, the universe whispered its secrets."
2023,8,21,10,30,"Spontaneous road trip to the countryside. Rolling hills and open fields—a scenic escape. Today, simplicity was the greatest luxury."
2023,8,22,18,15,"Completed a challenging workout routine. Endorphins surging, mind clear. The journey to fitness is a celebration of strength, both physical and mental."
2023,8,23,14,38,"Lost in the melodies of a live concert. Music has a way of transcending reality. Today, the notes carried me to a different realm."
2023,8,24,8,55,Morning stroll through the botanical garden. Nature's beauty is a reminder of life's delicate balance. Gratitude for the wonders of the earth.
2023,8,25,17,20,"Visited a museum and immersed in art and history. Each exhibit told a story. Today, I became a time traveler through the corridors of creativity."
2023,8,26,19,48,Dinner date with a friend turned into deep conversations. Shared dreams and aspirations. Grateful for the bonds that go beyond the surface.
2023,8,27,12,42,Volunteering at the local shelter today. Compassion and empathy in action. Every small act of kindness has a ripple effect.
2023,8,28,9,15,"Morning meditation brought clarity and focus. The mind, a garden, needs tending. Today, I cultivated peace within."
2023,8,29,21,30,"Late-night phone call with a loved one. Distance melted away through words. Tonight, connection bridged the miles."
2023,8,30,16,3,Attended a thought-provoking lecture. Ideas sparked and perspectives shifted. Grateful for the continuous journey of learning.
2023,8,31,13,25,"Simple picnic in the park. Sunshine, laughter, and sandwiches. Today, joy found a home in the little things."
2023,9,1,8,10,Embraced a new morning routine. Mindful rituals set a positive tone. Ready to face the day with intention.
2023,9,2,17,55,Reconnect day with old friends. Shared stories of growth and change. Nostalgia mingled with the excitement of the present.
2023,9,3,14,40,"Hiking in the mountains—a literal and metaphorical ascent. The view from the top is a reward for resilience. Today, I conquered both peaks."
2023,9,4,11,20,Rainy day writing spree. Each word a droplet in the storm of creativity. Grateful for the cathartic release of expression.
2023,9,5,19,8,"Cooked a favorite childhood recipe. The aroma carried me back in time. Today, nostalgia tasted like comfort."
2023,9,6,22,30,"Late-night brainstorming session for a passion project. Ideas flowed like constellations aligning. Tonight, creativity danced in the moonlight."
2023,9,7,16,15,"Visited an art gallery and found inspiration in every brushstroke. Creativity sparks creativity. Today, I became a canvas of possibilities."
2023,9,8,9,48,"Morning jog in the park. Each step a rhythm, each breath a melody. Grateful for the symphony of nature and movement."
2023,9,9,20,2,"Spur-of-the-moment beach bonfire with friends. Flames mirrored the warmth of camaraderie. Tonight, the sea sang us a lullaby."
2023,9,10,13,35,"Solo day at the museum. Art whispers stories that words can't convey. Today, I became a silent observer of creativity."
2023,9,11,18,45,"Attended a community gardening event. Dirt under my nails, seeds in my hands. Grateful for the cycle of growth and renewal."
2023,9,12,14,28,"Rekindled a childhood hobby—building model airplanes. The intricate process mirrors life's complexity. Today, patience took flight."
2023,9,13,10,10,"Morning meditation by the lake. Reflecting on the ripples of actions. Today, I cast stones of positivity into the waters of life."
2023,9,14,21,12,"Late-night astronomy session. Stars, like dreams, guide us through the darkness. Tonight, the universe became my compass."
2023,9,15,15,50,"Spontaneous road trip to a nearby town. Hidden gems and local flavors discovered. Today, the journey was the destination."
2023,9,16,7,25,"Sunrise yoga on the rooftop. Saluting the day with stretches and gratitude. Today, I welcomed the morning with open arms."
2023,9,17,16,40,"Book club meeting turned into a lively discussion. Different perspectives, shared love for literature. Grateful for the world within books."
2023,9,18,22,18,"Rainy evening spent reading by the fireplace. The crackling of wood, the patter of rain—ambiance for a cozy escape."
2023,9,19,12,55,"Cooked a three-course meal from scratch. Culinary chaos turned into a symphony of flavors. Today, the kitchen was my stage."
2023,9,20,18,35,"Meditation retreat day. Silence spoke louder than words. Today, I found peace in the quietude of my own mind."
2023,9,21,11,30,"Midweek pick-me-up: a spontaneous dance session. Movement as a form of expression. Today, I let joy lead the way."
2023,9,22,19,48,Dinner with extended family. Laughter echoed through generations. Grateful for the ties that bind us.
2023,9,23,14,15,"Visited an animal shelter and spent the day with furry friends. Unconditional love in wagging tails. Today, I found joy in simplicity."
2023,9,24,8,55,Morning nature walk with a soundtrack of birdsong. Each step a connection with the earth. Gratitude for the beauty of the present moment.
2023,9,25,17,20,"Explored a new hiking trail. Nature, an ever-changing masterpiece. Today, the mountains whispered tales of resilience."
2023,9,26,19,58,"Evening by the riverbank. Sunset painted the sky in hues of orange and pink. Tonight, nature was the artist."
2023,9,27,12,42,"Volunteered at a local charity event. Shared smiles and warmth. Today, kindness was the currency."
2023,9,28,9,15,"Morning pages—writing as a form of self-discovery. Pen on paper, thoughts on the journey. Today, I wrote my own narrative."
2023,9,29,21,30,"Late-night call with a friend across time zones. The distance bridged by shared laughter. Tonight, connection conquered time."
2023,9,30,16,3,"Attended a motivational seminar. Inspiration, a fuel for the journey. Grateful for the power of transformative ideas."
2023,10,1,13,25,"Picnic in the autumn park. Leaves falling like confetti. Today, nature celebrated with us."
2023,10,2,8,10,"Morning meditation among autumn leaves. Change reflected in the rustling trees. Today, I embraced the beauty of transitions."
2023,10,3,17,55,Reunion with school friends after years. Shared nostalgia and stories of growth. Grateful for the threads that weave through time.
2023,10,4,11,20,"Rainy day painting session. Each stroke mirrored the dance of raindrops. Today, the canvas became a storm of colors."
2023,10,5,19,8,"Cooked a cultural feast from a distant land. Culinary travel through flavors. Today, the kitchen was my passport."
2023,10,6,22,30,"Late-night brainstorming for a creative project. Ideas flowed like a midnight stream. Tonight, imagination knew no boundaries."
2023,10,7,16,15,"Visited an art exhibition and marveled at creativity in various forms. Today, I walked through a gallery of dreams."
2023,10,8,9,48,"Morning jog in the autumn breeze. Leaves crunching underfoot, a melody of the season. Grateful for the rhythm of nature."
2023,10,9,20,2,"Spontaneous moonlit beach stroll with friends. Waves whispered secrets under the silver glow. Tonight, the ocean was our confidant."
2023,10,10,13,35,"Solo exploration of a historic town. Each cobblestone echoed tales of the past. Today, I became a time traveler."
2023,10,11,18,45,"Embarked on a spontaneous road trip with no destination in mind. The open road became a canvas of possibilities. Today, freedom was my co-pilot."
2023,10,12,14,28,"A surprise visit from an old friend brought waves of nostalgia. Shared laughter echoed through the house, turning the ordinary into extraordinary. Grateful for the timeless bonds that withstand the test of time."
2023,10,13,10,10,"Explored a hidden bookstore and stumbled upon a literary treasure trove. The scent of old pages and the promise of undiscovered stories filled the air. Today, I found solace in the company of books."
2023,10,14,21,12,"Danced in the rain like a child. Each raindrop a reminder of the pure joy that resides in spontaneity. Today, the sky became my dance floor."
2023,10,15,15,50,"Attended a laughter yoga class. Laughter, the universal language, echoed through the room. Today, joy became a deliberate practice."
2023,10,16,7,25,Witnessed a breathtaking sunrise from a mountaintop. The world below bathed in hues of gold and pink. Grateful for the beauty that greets each new day.
2023,10,17,16,40,A day of digital detox—disconnected from screens and connected with nature. The simplicity of life without notifications brought peace to the soul.
2023,10,18,22,18,"Spent the evening learning constellations. Each star a story in the cosmic tapestry. Tonight, the universe unfolded its secrets."
2023,10,19,12,55,"Cooked a comfort food feast for friends. The kitchen buzzed with laughter and the aroma of shared memories. Today, love tasted like a homemade meal."
2023,10,20,18,35,"Dabbled in a spontaneous art project. Paint and creativity flowed freely, creating a masterpiece of emotions. Today, the canvas captured the essence of the moment."
2023,10,21,11,30,"Joined a local nature preservation event. Planting seeds for the future, both literally and metaphorically. Gratitude for the opportunity to contribute to growth."
2023,10,22,19,48,"Night under the stars with a telescope. The vastness of the cosmos humbled my earthly worries. Tonight, I found perspective in the celestial symphony."
2023,10,23,14,15,"Visited an art installation that challenged perceptions. Today, I walked through corridors of introspection and emerged with a new outlook."
2023,10,24,8,55,Morning run along the beach. The rhythmic crashing of waves matched the cadence of my footsteps. Grateful for the grounding energy of the sea.
2023,10,25,17,20,"Explored a new neighborhood and stumbled upon a quaint cafe. Each corner held the promise of discovery. Today, the city revealed a hidden charm."
2023,10,26,19,58,"Hosted a themed costume party. Laughter and creativity adorned every guest. Tonight, we embraced the joy of playful escapism."
2023,10,27,12,42,"Volunteered at a local animal shelter. Furry companions turned a routine day into a bundle of joy. Today, I found warmth in wagging tails."
2023,10,28,9,15,Morning photography walk through the park. Each snapshot froze moments in time. Gratitude for the ability to capture beauty in a frame.
2023,10,29,21,30,"Late-night starlit picnic with loved ones. The moonlit sky witnessed stories and laughter. Tonight, the universe was our blanket."
2023,10,30,16,3,"Attended a community poetry slam. Words became melodies, and emotions danced in verses. Grateful for the power of spoken art."
2023,10,31,13,25,"Halloween festivities filled with costumes and spooky tales. Fear transformed into laughter, and darkness into celebration. Today, we embraced the magic of the unknown."
2023,11,1,8,10,Morning gratitude journaling. Each entry a reminder of the blessings woven into everyday life. Ready to face the day with a thankful heart.
2023,11,2,17,55,"Reconnected with an old hobby—stargazing. The night sky, a canvas of wonder. Today, the cosmos whispered ancient secrets."
2023,11,3,14,40,"Art class day—sculpting emotions into tangible forms. Clay and creativity molded a reflection of the soul. Today, I became a sculptor of feelings."
2023,11,4,11,20,"Rainy afternoon spent writing letters to loved ones. The sound of raindrops tapping on the window, a serenade to heartfelt words."
2023,11,5,19,8,"Hosted a board game night with friends. Strategy and laughter filled the room. Tonight, we played our way into each other's company."
2023,11,6,22,30,"Late-night poetry reading by candlelight. Verses illuminated the room, casting shadows on the walls. Tonight, words painted a dreamscape."
2023,11,7,16,15,Visited a botanical garden and marveled at the diversity of plant life. Nature's palette is an artist's inspiration. Grateful for the beauty of biodiversity.
2023,11,8,9,48,Morning bike ride through the city. Each turn unveiled new sights and sounds. Ready to embrace the day's journey on two wheels.
